customer_id,first_name,last_name,email,signup_date
1,Timothy,Grimes,bmitchell@example.net,03-09-2021
2,Maria,Ruiz,lopezkim@example.net,06-04-2022
3,Tammy,Bean,jacob25@example.org,12-03-2019
4,Curtis,Arroyo,juan20@example.com,27-04-2022
5,Russell,Allen,jorgeweaver@example.com,17-02-2020
6,Sabrina,Hall,vasquezkim@example.net,01-01-2016
7,Meredith,Carter,richardrebecca@example.org,06-08-2016
8,Nathaniel,Williams,alexanderking@example.com,03-02-2021
9,Shelby,Martinez,angelajackson@example.org,12-01-2023
10,Raymond,Berg,kjohnson@example.net,23-06-2019
11,Veronica,Johnson,gtrujillo@example.org,01-02-2021
12,Maria,Cortez,carpenterpeter@example.org,07-04-2024
13,Michael,Martin,monica21@example.org,29-08-2021
14,Joseph,Howell,stephanienelson@example.net,02-11-2024
15,Matthew,Mayer,regina57@example.org,18-02-2017
16,Alejandra,Hernandez,karen00@example.com,11-06-2024
17,Jeffrey,Alexander,heatherblake@example.com,13-04-2017
18,Richard,Lawrence,fwallace@example.net,03-09-2023
19,Rebekah,Rivera,bmoore@example.org,14-05-2017
20,Margaret,Smith,gregory05@example.net,20-09-2020
21,Alexis,Garrison,bsanders@example.org,23-03-2022
22,Matthew,Pearson,tskinner@example.com,03-06-2018
23,Ryan,Smith,christopher77@example.com,19-09-2024
24,Elizabeth,Robinson,harold76@example.org,21-03-2021
25,Suzanne,Miller,sgarcia@example.org,15-04-2019
26,Troy,Wilson,fcollier@example.net,22-11-2018
27,Sara,Smith,lucasfox@example.com,24-10-2021
28,Kevin,Marshall,mwhitney@example.com,19-06-2020
29,Justin,Ramirez,kevinfranklin@example.org,02-07-2023
30,Edward,Young,rebecca32@example.org,20-07-2016
31,Nancy,Vazquez,lisa43@example.org,08-10-2019
32,Kathryn,Wells,cynthiahoward@example.com,10-11-2022
33,Megan,Chambers,fmiller@example.net,24-03-2019
34,Joanne,Garner,gina56@example.com,06-12-2017
35,Nicholas,Mason,reyescrystal@example.com,25-12-2020
36,Mark,Payne,robinflores@example.com,29-05-2017
37,Abigail,Cooper,traciebraun@example.com,14-10-2016
38,Caroline,Banks,normanchapman@example.com,03-05-2023
39,Jack,Reilly,jason02@example.com,01-02-2022
40,Joshua,Powers,sharon24@example.net,31-10-2021
41,Kenneth,Foster,ericathompson@example.com,21-04-2023
42,Patrick,Black,karen20@example.org,02-08-2016
43,Jesus,Chung,christina98@example.net,23-05-2022
44,Paul,Berry,steven63@example.org,11-07-2018
45,Andrea,Vasquez,baileydavid@example.com,18-12-2019
46,Daniel,Perez,lisa32@example.net,22-01-2018
47,Jonathan,Taylor,smithsandra@example.com,16-02-2023
48,Matthew,Aguirre,kelly25@example.org,03-07-2016
49,Roy,Robinson,sjenkins@example.com,19-12-2021
50,Alan,Harrington,smithrobert@example.org,21-02-2022
51,Christopher,Pollard,sweeneyjesse@example.com,28-06-2022
52,Michelle,Lee,andrew45@example.com,10-12-2020
53,Jason,Mann,zsolomon@example.org,01-07-2020
54,Tara,Kelly,margaretrobertson@example.org,18-12-2016
55,David,Navarro,xwalker@example.net,09-10-2018
56,Michelle,Johnson,lisa42@example.net,19-04-2019
57,Doris,Waters,kristy40@example.org,23-01-2016
58,Laura,Smith,lancesuarez@example.com,12-04-2021
59,Michael,Patterson,jacksoncurtis@example.net,04-11-2023
60,Gregory,Smith,toddrichardson@example.org,12-05-2016
61,Bradley,Everett,rebecca10@example.net,25-02-2022
62,James,Burns,matthewkennedy@example.net,03-09-2016
63,David,Daniels,samantha51@example.com,16-09-2022
64,Matthew,Bennett,rburke@example.com,24-08-2024
65,Kevin,Pruitt,wardjohn@example.net,16-02-2021
66,Trevor,Perry,amybarnes@example.net,16-07-2024
67,Donna,Kirby,seannolan@example.net,24-09-2024
68,Bernard,Johnson,bedwards@example.org,13-07-2023
69,Robert,Stein,amandasnyder@example.net,04-06-2020
70,Deborah,Brown,johnsonrobert@example.org,29-03-2020
71,April,Miller,stravis@example.com,05-04-2016
72,Philip,Smith,krista60@example.com,18-06-2024
73,Jared,Morrison,bsanders@example.net,28-12-2022
74,Manuel,Lynch,ftaylor@example.com,14-12-2022
75,Christina,Hamilton,manuelmendez@example.net,19-03-2020
76,Leslie,Carlson,angelafox@example.net,05-02-2024
77,Christine,Brooks,payneedward@example.com,02-07-2023
78,Wendy,Mercado,shannon94@example.org,13-02-2022
79,Brenda,Meyer,vhill@example.net,23-04-2021
80,Brenda,Lewis,hmanning@example.org,07-03-2023
81,Joshua,Howard,chanchloe@example.net,16-03-2021
82,Monica,Clark,bperry@example.net,10-12-2015
83,Kevin,Murray,hensonlisa@example.com,04-11-2019
84,Cathy,Mills,pvasquez@example.com,21-12-2018
85,Victoria,Howard,scottwanda@example.net,11-09-2019
86,Heather,Carson,davisernest@example.org,21-12-2023
87,Russell,Harper,eyoung@example.org,15-01-2016
88,Daniel,Mcdowell,johnstonsandra@example.com,22-12-2016
89,Jesse,Harrison,ismith@example.org,08-12-2015
90,Leon,Gomez,kristine27@example.net,06-02-2022
91,Michael,Rose,belliott@example.org,30-12-2021
92,James,Livingston,kaylee58@example.net,17-01-2022
93,Amber,Avery,anthony96@example.org,11-07-2023
94,Robert,Vasquez,bmay@example.com,24-07-2022
95,Kenneth,Parsons,cruzelizabeth@example.com,19-12-2021
96,Stephen,Lopez,jacobsontravis@example.com,25-03-2016
97,Russell,Martinez,cruzkristen@example.com,10-05-2019
98,John,Smith,brentbennett@example.net,23-04-2017
99,Tyler,Hernandez,kristinbush@example.com,18-10-2016
100,Anthony,Brown,tammyho@example.net,08-08-2024
101,Dominic,Richardson,joseph79@example.org,15-08-2021
102,Joseph,Ramsey,simsjames@example.net,07-09-2016
103,Darryl,Hayes,patricia82@example.net,18-02-2023
104,Michelle,Smith,mscott@example.org,02-04-2023
105,Erica,Salazar,lorettagreen@example.org,10-07-2023
106,Leah,Bell,taylorcorey@example.com,08-12-2017
107,Mary,Flores,tonya62@example.org,05-07-2021
108,Samantha,Jackson,kristinmacdonald@example.org,30-04-2020
109,Crystal,Harvey,loribailey@example.org,09-09-2024
110,Tina,Anderson,christopher79@example.com,22-05-2018
111,Sandra,Johnson,danielle51@example.com,27-07-2019
112,James,Adkins,michael67@example.org,22-01-2024
113,Alexis,Harris,qphelps@example.net,21-09-2022
114,Jacqueline,Sullivan,fsmith@example.org,05-02-2022
115,Jordan,Riley,moorematthew@example.com,21-12-2018
116,Kaylee,Torres,corymiller@example.net,22-03-2019
117,Emily,Nguyen,stephenhanna@example.net,10-05-2023
118,Lynn,Hernandez,bwoods@example.com,09-05-2016
119,Richard,Dunn,mariareed@example.org,30-07-2023
120,Cameron,Lamb,courtneysims@example.org,11-04-2016
121,Nicole,Jordan,sara42@example.net,15-06-2024
122,Erik,Bell,laurenbenson@example.com,12-05-2019
123,Cynthia,Moore,shaunnelson@example.com,26-12-2023
124,Louis,Kirk,hollandnicholas@example.com,30-06-2017
125,Monica,Singh,bennettcarrie@example.net,21-03-2024
126,John,Robertson,huynhjimmy@example.org,12-10-2016
127,Edward,Alvarez,linda66@example.com,16-05-2018
128,Raymond,Moore,timothythomas@example.net,08-08-2021
129,Timothy,Potter,davidsanchez@example.net,12-09-2019
130,Rhonda,Hopkins,jacobtrevino@example.net,11-12-2017
131,Katelyn,Mejia,jeremyblake@example.com,11-06-2020
132,Brandon,Nguyen,justinbaird@example.com,04-07-2017
133,Abigail,Anderson,warrenkenneth@example.org,28-05-2019
134,Mary,Townsend,heather58@example.org,21-01-2024
135,Deborah,Jimenez,randerson@example.net,18-07-2023
136,Heather,Robinson,tracymorris@example.org,28-05-2018
137,Nicholas,Johnson,crawforddebra@example.org,26-11-2022
138,Rachel,Castillo,joel05@example.com,21-06-2018
139,Jeremy,Mata,xwalker@example.org,03-08-2022
140,Julian,Miller,greenmichael@example.net,27-08-2020
141,Lisa,Hall,christianvelez@example.net,24-10-2024
142,Zachary,Anderson,newtondavid@example.org,11-08-2017
143,John,Murillo,bensonmarissa@example.net,23-09-2017
144,Phillip,Sandoval,ppierce@example.com,20-08-2019
145,David,Chambers,cynthia57@example.org,19-02-2024
146,Dennis,Campbell,jacobrodriguez@example.net,03-11-2020
147,Christine,Sanchez,fryesandra@example.com,04-02-2016
148,Veronica,Cole,rlester@example.com,30-07-2016
149,Brandy,Young,thomasdyer@example.org,30-12-2023
150,Valerie,Phillips,janice49@example.net,04-04-2019
151,Marc,Collins,davisjoshua@example.org,17-06-2018
152,Jordan,Moore,thomasritter@example.org,29-06-2022
153,Tiffany,Barker,paulkayla@example.org,07-03-2018
154,Alex,Wilson,markbradford@example.net,09-12-2022
155,Donald,Hansen,dianaramirez@example.org,16-02-2019
156,Mitchell,Martinez,twilliamson@example.net,26-06-2021
157,Michelle,Zamora,ygeorge@example.net,19-07-2024
158,Mikayla,Wilson,amanda70@example.com,21-07-2020
159,Jessica,Walsh,rwatkins@example.org,12-10-2018
160,Allison,Mendoza,lcrawford@example.net,04-08-2019
161,David,Stewart,kkelly@example.net,15-12-2020
162,Lori,Marks,darrylroman@example.net,29-04-2023
163,Jorge,Dennis,nhenry@example.com,17-03-2021
164,Debra,Jackson,gregoryromero@example.com,25-07-2017
165,Frank,Robertson,melissa23@example.org,19-10-2016
166,Bethany,White,robertroberts@example.org,29-04-2024
167,Timothy,Ramirez,fhill@example.com,29-09-2021
168,Evan,Holt,martinezgloria@example.org,27-02-2020
169,Laura,Adams,ereed@example.net,26-08-2016
170,Theresa,Richmond,jacksondaisy@example.com,06-07-2017
171,Roger,Wilcox,sherilawrence@example.net,30-08-2023
172,Michael,Watson,sara16@example.org,30-04-2021
173,Lisa,Kelly,james85@example.net,14-06-2018
174,Lee,Montoya,reevesmichelle@example.org,13-09-2021
175,Daniel,Riggs,dhampton@example.org,01-02-2019
176,Jasmine,Oliver,frankhawkins@example.org,09-03-2020
177,Amanda,Dixon,ortegapaula@example.org,06-03-2018
178,Melvin,Reyes,vaughanlogan@example.net,22-11-2020
179,Todd,Vargas,emily11@example.org,16-04-2023
180,Brittany,Ingram,kathypruitt@example.org,15-09-2017
181,Megan,Allen,hgentry@example.net,01-12-2023
182,Alyssa,Cole,sarahbowers@example.net,11-02-2024
183,Donna,Thomas,patrick69@example.net,09-06-2017
184,Cristina,Duarte,biancastewart@example.org,04-11-2017
185,Samuel,Stevenson,morrisalexis@example.net,10-04-2020
186,Anthony,Brewer,david41@example.net,07-10-2023
187,Elizabeth,Skinner,xjones@example.org,28-04-2019
188,Jonathan,Chavez,mcgrathmichele@example.net,30-08-2017
189,Nicholas,Johnson,owright@example.com,02-09-2017
190,Anthony,Wagner,garciajeffrey@example.com,07-02-2018
191,Richard,Harmon,davidsalazar@example.com,26-11-2016
192,Linda,Sandoval,cookanna@example.net,30-10-2020
193,Angel,Cooper,thomasvaughn@example.org,21-06-2017
194,Steven,Miller,christopher14@example.com,24-08-2017
195,Kathy,Bass,austinmason@example.org,18-12-2017
196,Troy,Chung,rodriguezjoseph@example.com,25-03-2022
197,Ariel,Stanton,joseph24@example.org,31-05-2023
198,Joshua,Johnson,youngsamantha@example.org,05-03-2022
199,John,Miller,qgriffin@example.net,28-02-2019
200,Felicia,Cooper,kathrynwatkins@example.net,21-07-2021
201,Vanessa,Thomas,christopher34@example.net,27-07-2023
202,Sandra,Williams,gregg08@example.com,18-07-2022
203,Joshua,Park,aaronbarnes@example.net,23-09-2017
204,Benjamin,Perkins,mcruz@example.com,30-01-2017
205,Scott,Conway,rbanks@example.net,05-11-2021
206,Duane,Blake,laura32@example.com,11-07-2020
207,Shannon,Nguyen,hoffmanjeremy@example.com,19-11-2020
208,Donald,Garcia,jonesdale@example.net,18-07-2024
209,Jennifer,Mccormick,jorgemccann@example.net,23-04-2018
210,Robert,Rodriguez,michaelsmith@example.org,13-04-2021
211,Justin,Guerrero,lreed@example.org,01-12-2018
212,Clinton,Ortiz,zmcintosh@example.com,01-08-2020
213,Alexis,Bailey,robertjohnson@example.net,30-10-2016
214,Martin,Schultz,michelle23@example.org,14-05-2022
215,Bruce,Kirby,alfredriddle@example.com,05-03-2024
216,Sarah,Griffin,cgraham@example.org,01-11-2024
217,Jose,Bullock,gomezmarvin@example.com,22-03-2023
218,Joshua,Baldwin,shawalicia@example.org,12-09-2024
219,Kayla,Hull,willie74@example.com,22-01-2023
220,Brian,Perez,lnewman@example.org,21-01-2017
221,Nicole,Shaffer,mcdonaldchristopher@example.net,06-03-2022
222,Darren,Young,gabriel93@example.com,03-09-2024
223,Vickie,Hayes,coreyduncan@example.net,13-06-2018
224,Tyler,Johnson,vanessa49@example.net,31-01-2022
225,Tracy,Velez,tracygreen@example.net,21-08-2017
226,Ashley,Vega,yvonnescott@example.com,09-10-2017
227,Nicole,Mcdaniel,zwalter@example.com,05-12-2020
228,Sherry,Jones,candice45@example.com,06-06-2016
229,Rachael,Robinson,kelly22@example.net,28-12-2021
230,Joanna,Perry,tinamorgan@example.org,16-12-2023
231,Carolyn,Adams,reidjacob@example.net,21-08-2019
232,Jason,Gill,sandersrobert@example.net,13-12-2019
233,Randall,Castillo,brucekirby@example.com,10-10-2018
234,Robert,Hart,baileymarcus@example.net,09-01-2016
235,Bradley,Gamble,mgutierrez@example.org,23-01-2022
236,Beth,White,hramirez@example.net,22-01-2019
237,Mark,Chandler,vanessa03@example.org,28-11-2024
238,Kim,Fleming,garysantana@example.com,10-01-2020
239,Corey,Pitts,smithjason@example.org,08-10-2022
240,Ashley,Hart,paul76@example.net,02-01-2024
241,Dana,Mcmahon,williamjohnson@example.com,14-10-2021
242,Amanda,Stanley,michelle48@example.com,14-12-2022
243,Christopher,Mcguire,kurt48@example.com,28-12-2021
244,James,Perkins,nataliecox@example.net,23-11-2019
245,Francisco,West,meganhanson@example.net,22-02-2021
246,Kristen,Reed,xwebster@example.net,06-05-2017
247,Danny,Wong,edwardgoodman@example.net,28-04-2021
248,Mckenzie,Rich,johnsonaudrey@example.com,29-03-2021
249,Margaret,Lewis,sandrarogers@example.org,30-06-2022
250,Raymond,Morris,angelreynolds@example.com,10-01-2021
251,William,Bennett,kbell@example.org,21-01-2024
252,Alexander,Young,christopher48@example.net,12-11-2020
253,Melissa,Brown,ericray@example.org,20-09-2021
254,Emily,Harrell,brookewilson@example.net,25-07-2021
255,Bonnie,Malone,troy03@example.org,07-04-2017
256,Xavier,Newton,amy07@example.com,25-11-2017
257,Vanessa,Walker,dawnmoore@example.org,27-01-2018
258,Crystal,Lucas,thomassexton@example.com,21-09-2018
259,Kelli,Mccoy,sheliamcdonald@example.com,19-03-2016
260,Michael,Dyer,ewells@example.com,12-05-2023
261,Brian,Robinson,wilsonjerry@example.net,07-06-2018
262,Melissa,Murphy,ashleybutler@example.org,27-11-2016
263,Lisa,Bowman,phillipssusan@example.com,04-11-2018
264,Steven,Garcia,christine25@example.org,13-07-2020
265,Kristen,Horn,gregory31@example.org,14-07-2022
266,Caitlin,Dickson,hbrown@example.org,13-04-2021
267,Robert,Rogers,jenniferrichardson@example.com,01-03-2016
268,Kathleen,Daniels,bcarr@example.net,08-06-2017
269,Colleen,Lewis,mooreamanda@example.org,25-10-2021
270,John,Lewis,deanfrederick@example.org,03-04-2021
271,Melissa,Buck,paulreyes@example.net,23-10-2023
272,Jason,Boyer,stevenalexander@example.com,19-08-2016
273,Daniel,Lee,ronald24@example.org,22-08-2020
274,Christina,Dean,khale@example.com,07-07-2023
275,Justin,Ward,michaelwood@example.org,23-09-2019
276,Robert,Williams,kevinnguyen@example.org,14-07-2021
277,Jason,Lopez,gregory89@example.org,03-10-2024
278,Nicholas,Johnson,bkey@example.com,02-07-2021
279,Michael,Ware,hfletcher@example.com,13-07-2019
280,Joshua,Morton,qgomez@example.com,12-02-2018
281,Charles,Henderson,gonzalezbrittany@example.net,20-06-2024
282,Mark,King,lori96@example.com,17-12-2016
283,Mary,Carr,david52@example.com,10-01-2023
284,Charles,Ferguson,amontgomery@example.net,25-03-2022
285,Jenna,Nelson,littleamber@example.org,09-09-2020
286,Debbie,Gutierrez,dmiles@example.net,08-05-2016
287,Jimmy,Collins,matthewlawson@example.org,01-10-2019
288,Christine,Cowan,morgansullivan@example.net,05-12-2021
289,Jeffrey,Becker,rebecca67@example.net,22-09-2016
290,Katelyn,Willis,monica68@example.org,15-11-2017
291,James,Baird,christopherthomas@example.com,07-07-2021
292,Colin,Mcdonald,diana33@example.org,08-10-2022
293,Cynthia,Powell,mortonthomas@example.com,18-09-2023
294,Christopher,Briggs,thomasjohn@example.org,01-03-2018
295,Lawrence,Miller,jrobertson@example.org,23-11-2024
296,Matthew,Mclaughlin,helenrusso@example.org,25-12-2017
297,Donna,Flores,kevinhernandez@example.net,16-03-2019
298,Amanda,Bauer,zwilliams@example.org,31-08-2023
299,George,Moss,brianfrancis@example.org,05-03-2019
300,Meredith,Clark,vfranco@example.net,12-09-2024
301,Dawn,Phelps,villarrealmelissa@example.com,09-02-2020
302,Sara,Hernandez,uingram@example.com,11-11-2020
303,Andrew,Campbell,curtis50@example.org,11-11-2018
304,Tina,Carpenter,christinamccoy@example.org,15-07-2019
305,Maria,Duke,paige64@example.org,07-01-2016
306,David,Riley,conniehunter@example.org,07-12-2015
307,Stacy,Roberts,ijones@example.com,27-10-2021
308,Mallory,Lynch,lisa75@example.net,25-09-2017
309,Brooke,Mcmillan,barbaraflores@example.com,06-03-2016
310,Thomas,Fernandez,etodd@example.org,23-09-2016
311,Terry,Thompson,jeffrey98@example.net,09-04-2017
312,Brent,Johnson,marksjeanette@example.net,16-10-2022
313,Lynn,Morgan,jasonstewart@example.net,06-12-2023
314,Charles,Torres,rbowman@example.net,18-06-2023
315,Olivia,Reed,ronald66@example.org,11-01-2019
316,Tristan,Chen,mccannallen@example.com,02-12-2020
317,Mary,Floyd,lwhite@example.org,27-04-2023
318,Donald,Hernandez,nathaniel87@example.com,19-12-2019
319,Adam,Benson,opeterson@example.org,16-03-2017
320,Daniel,Pearson,youngsean@example.com,12-06-2024
321,Steven,Ford,patellauren@example.com,07-12-2022
322,Tony,Pena,amanda26@example.org,26-11-2019
323,Erika,Taylor,phillip06@example.com,22-06-2023
324,Brenda,Adams,caseymadison@example.net,03-12-2020
325,Andrew,Martinez,helendavidson@example.com,09-04-2024
326,Vicki,Smith,valentineronald@example.org,05-05-2023
327,Jacqueline,Smith,mitchellmelanie@example.org,03-08-2017
328,John,Mueller,jennifer89@example.org,09-04-2018
329,Victoria,Martin,michaelscott@example.com,24-06-2017
330,Carrie,Jenkins,robertoconnor@example.com,02-01-2020
331,Michelle,Potter,wendyleonard@example.org,09-05-2017
332,Vincent,Wyatt,shawnjohnson@example.com,29-10-2018
333,Keith,Harrington,longstephanie@example.net,22-07-2017
334,Rita,Bradley,jimmy22@example.net,07-08-2020
335,Patrick,Mitchell,qdelgado@example.com,14-01-2024
336,Jennifer,Cooper,jaimecraig@example.com,13-01-2020
337,Donald,Diaz,egraham@example.org,31-03-2017
338,Lisa,Davies,rodriguezlisa@example.net,19-09-2024
339,Dawn,Jordan,ofreeman@example.com,26-06-2022
340,Amanda,Riley,karendavis@example.net,07-05-2020
341,Jennifer,Jackson,cburns@example.com,18-09-2017
342,Edward,Johnson,browntracy@example.org,22-01-2020
343,Jennifer,Williams,hcalhoun@example.com,13-07-2024
344,Brandon,Brown,meyersjacob@example.net,31-12-2017
345,Jillian,Owens,reesejack@example.org,11-03-2017
346,Michelle,Kidd,hughesmichael@example.org,26-10-2024
347,Victoria,Williams,melanie25@example.net,14-04-2017
348,Kendra,Garcia,williamsdeanna@example.com,08-06-2021
349,Kenneth,Grant,bbond@example.net,01-11-2019
350,Joseph,Kennedy,dcastillo@example.net,22-10-2018
351,Sheila,Myers,msoto@example.org,13-01-2023
352,Maria,Garcia,steven06@example.org,21-09-2022
353,Chad,Tanner,loriwhite@example.net,17-09-2017
354,Marie,Robinson,david75@example.net,20-09-2022
355,Andrew,Sims,selena66@example.com,08-11-2024
356,Tonya,Gould,lisawaller@example.net,29-12-2022
357,Sophia,Adams,brennanwilliam@example.com,22-09-2022
358,Jennifer,Knight,kevinholmes@example.net,23-11-2017
359,Christian,Gonzalez,steven71@example.com,12-01-2020
360,Jordan,Mcbride,natashaharmon@example.net,17-02-2019
361,Daniel,Ward,lroberts@example.org,22-11-2017
362,Megan,Thompson,savagekenneth@example.com,15-03-2018
363,Jeanette,Smith,jeremy43@example.org,10-01-2017
364,David,Schmidt,rodriguezkelly@example.net,03-04-2020
365,Charles,Hunter,xholden@example.net,14-12-2015
366,Megan,Macdonald,zrobles@example.org,01-02-2024
367,Katelyn,Davis,veronicanelson@example.com,16-05-2017
368,Russell,Watkins,veronicaphillips@example.org,13-06-2019
369,James,Smith,kathrynmurillo@example.com,24-10-2021
370,Russell,Lopez,imiller@example.net,11-09-2019
371,Jessica,Lozano,robert33@example.com,01-04-2016
372,William,Smith,djames@example.org,19-02-2021
373,Jason,Hammond,jwilson@example.net,03-08-2016
374,Donna,Jackson,katherinewolfe@example.org,12-07-2016
375,Tanner,Mcpherson,rachelpineda@example.org,28-01-2019
376,Daniel,Castillo,melaniewhite@example.net,03-10-2020
377,Maria,Villarreal,dsalas@example.net,03-07-2022
378,Jo,Drake,rebeccacardenas@example.com,12-03-2016
379,Rodney,Meyer,soliselizabeth@example.net,09-07-2024
380,Ernest,Evans,carolyn37@example.com,19-12-2023
381,Nicholas,Fitzgerald,njones@example.net,12-02-2022
382,Christine,Doyle,markcruz@example.com,05-12-2021
383,Lisa,Smith,carolosborn@example.net,14-11-2016
384,Matthew,Moore,coxchloe@example.net,09-09-2020
385,Paige,Price,christopherdunn@example.com,13-11-2018
386,Jonathan,Lewis,montgomerysharon@example.com,14-08-2016
387,Carolyn,Duncan,acortez@example.com,02-09-2022
388,Michael,Cox,martinezmichael@example.org,18-01-2018
389,Gregory,Jennings,denise32@example.net,16-10-2022
390,Stephen,Chambers,scottharris@example.net,20-02-2016
391,Amanda,Vang,stevenpitts@example.net,01-05-2018
392,Samantha,Grant,nmyers@example.com,15-02-2020
393,Kimberly,Woods,santosautumn@example.net,09-06-2019
394,Victoria,Ramirez,christinatorres@example.com,17-03-2020
395,Olivia,Ball,john38@example.com,17-06-2024
396,Lisa,Barker,johnsonlaura@example.net,03-10-2024
397,Patricia,Patel,hallbrandon@example.com,24-01-2017
398,Samantha,Young,fischerandrew@example.net,23-10-2022
399,Justin,Walker,ymcdaniel@example.com,14-06-2018
400,Katherine,French,zromero@example.com,21-11-2022
401,Anna,Higgins,grandolph@example.com,30-01-2020
402,Glenn,Hartman,joshua78@example.org,11-06-2017
403,Lori,Glass,williamswilliam@example.com,29-03-2019
404,Janet,Newman,coreythomas@example.net,08-10-2024
405,Charlotte,Alexander,amoore@example.org,04-12-2021
406,Destiny,Chapman,houstonallen@example.net,25-03-2024
407,Barry,Bush,stephen46@example.org,20-07-2017
408,Robert,Jones,jesuscruz@example.com,04-10-2022
409,Samuel,Roberts,robert72@example.net,12-04-2023
410,Kevin,Taylor,matthewhernandez@example.com,29-08-2023
411,Tyler,Rodgers,pwang@example.org,09-07-2019
412,Helen,Henderson,usmith@example.com,15-09-2023
413,Lisa,Kramer,anthonyreeves@example.org,20-01-2021
414,Kevin,Wright,jean95@example.com,29-08-2017
415,Cynthia,Koch,jonathon64@example.com,22-07-2024
416,Tony,Kennedy,wilsonmathew@example.org,07-07-2017
417,Elizabeth,Mercado,zsanders@example.net,09-04-2017
418,Cindy,Turner,trose@example.org,13-05-2016
419,Clinton,Hernandez,glenn45@example.net,02-03-2020
420,Jeff,Anderson,rsimpson@example.net,23-08-2024
421,Cindy,Thompson,michaelrobinson@example.com,12-11-2017
422,Stephanie,Higgins,alexisrobinson@example.net,16-07-2016
423,Beth,Gray,smithmark@example.org,18-06-2020
424,Natalie,Chang,michael23@example.net,20-06-2018
425,Lee,Hodge,millerchristopher@example.com,13-05-2019
426,Nicole,Cohen,watsonjoseph@example.net,11-11-2023
427,Paul,Ortiz,brandon88@example.net,04-03-2020
428,Autumn,Holloway,nramos@example.net,29-10-2023
429,Amanda,Stone,harrisann@example.com,28-08-2023
430,Katherine,Baker,daughertyangela@example.com,06-03-2020
431,Michele,Blair,delgadomichelle@example.org,17-01-2021
432,Brooke,Johnson,john73@example.com,11-10-2016
433,Herbert,Jackson,debbie77@example.com,30-11-2018
434,Robert,Gardner,onelson@example.org,02-05-2023
435,Daniel,Young,vwoods@example.net,13-10-2024
436,Michelle,Nelson,david30@example.net,18-11-2023
437,Anthony,Nichols,jasmine89@example.org,21-01-2016
438,Danny,Turner,tylergloria@example.org,02-11-2023
439,Robert,Chapman,lindacollins@example.org,18-07-2016
440,Dustin,Richard,tgarcia@example.net,29-08-2024
441,Omar,Harrington,williamknapp@example.com,15-02-2018
442,Larry,Hardy,arthur12@example.org,30-06-2021
443,Victor,Mcintyre,wadekaitlyn@example.com,02-10-2020
444,Sandra,Martin,ariana91@example.org,30-03-2020
445,Nathaniel,Shelton,kenneth30@example.com,01-05-2022
446,Elizabeth,Castaneda,jacob12@example.net,04-10-2020
447,William,Russo,rsmith@example.com,10-01-2021
448,Francis,Moore,rebecca16@example.org,07-02-2023
449,Stephanie,Bradshaw,michaelgreen@example.com,19-07-2017
450,Alicia,Clark,taylor28@example.com,22-08-2019
451,Brandon,Cardenas,smithjohn@example.com,24-05-2020
452,Mark,Glass,thomasmosley@example.com,23-11-2023
453,Katie,Smith,robinsalazar@example.org,15-08-2022
454,Todd,Chaney,adavis@example.com,25-12-2019
455,Christina,Woods,michaelrojas@example.net,27-08-2024
456,James,Burns,hwhite@example.com,13-12-2016
457,Rebecca,Delacruz,rjenkins@example.com,02-08-2022
458,Alison,Mcconnell,david14@example.com,10-03-2021
459,Robert,Scott,parsonstheresa@example.net,10-04-2024
460,Nathaniel,Rios,shannon57@example.com,30-06-2016
461,Tony,Massey,brandon57@example.com,13-02-2018
462,Krista,Petersen,xgutierrez@example.com,19-06-2016
463,Sarah,Stanley,robertstephens@example.org,05-02-2024
464,Kenneth,Cunningham,ashaw@example.org,10-01-2023
465,Joel,Conley,jonesmarcus@example.com,09-09-2023
466,Craig,Mathews,christianlewis@example.net,26-11-2019
467,Kathryn,White,elainecastillo@example.com,19-11-2022
468,Corey,Chavez,gordonsteven@example.net,28-07-2023
469,Joshua,Smith,mgalvan@example.com,20-11-2016
470,Nancy,Kelly,jenniferwashington@example.com,18-01-2016
471,Craig,Burgess,ihernandez@example.net,25-01-2021
472,Stephanie,Bryan,andrewayala@example.net,08-11-2022
473,Kevin,Lewis,carlos78@example.net,05-05-2023
474,Chad,Lopez,kdavis@example.org,29-07-2020
475,Stacey,Woods,morrowzachary@example.net,20-08-2018
476,Alexander,Bridges,diazchristopher@example.org,17-12-2019
477,Michael,Ross,qbarker@example.com,04-10-2017
478,David,Johnson,brettadams@example.org,31-08-2020
479,Lee,Scott,jennifer19@example.com,28-04-2018
480,Kristen,Wilson,zfloyd@example.net,04-08-2023
481,Sherri,Logan,aliciajames@example.net,10-03-2023
482,Jimmy,Wolfe,brenda53@example.com,29-05-2016
483,Holly,Collins,qsalazar@example.com,09-04-2017
484,Michael,White,myersdenise@example.org,11-06-2022
485,Michael,Beard,rolson@example.com,19-10-2024
486,Kendra,Thomas,tammymcgee@example.org,09-07-2017
487,Miguel,Barnett,uray@example.org,25-06-2020
488,Tracy,West,dunnmarcus@example.org,18-11-2016
489,Andrea,Howell,trice@example.net,06-02-2019
490,Daniel,Benson,johnhudson@example.net,22-01-2021
491,Antonio,Marsh,xsanchez@example.org,28-12-2023
492,Sandra,Love,andreadouglas@example.org,17-01-2018
493,Justin,Park,fuentespamela@example.org,25-03-2022
494,Jennifer,Ryan,hperry@example.org,16-04-2022
495,Danielle,Chen,hansenconnie@example.org,15-11-2020
496,Jennifer,Jenkins,jestrada@example.org,21-05-2023
497,Kimberly,Rich,johnsonpaul@example.net,20-01-2018
498,Justin,Gray,stephaniereid@example.org,27-11-2019
499,Sierra,Spears,russellkelly@example.org,02-01-2017
500,Alex,Richards,hjackson@example.org,27-01-2016
